firstName;lastName;birthdate;email;phone;street1;street2;city;stateProvince;postalCode;country
Isabella;Rodriguez;1995-05-10;isabella.rodriguez@fakemail.com;554567;45 Elm St.;Springfield;IL;62701;123;USA
David;Lee;1988-11-22;david.lee@fakemail.com;555543;10 Oak Ave.;Unit 2B;Riverdale;NY;10463;123;USA
Sofia;Garcia;2002-03-05;sofia.garcia@fakemail.com;555901;78 Maple Dr.;Hillside;NJ;07201;123;USA
Ethan;Kim;1990-09-18;ethan.kim@fakemail.com;345678;23 Pine Ln.;Suite 300;Valleyview;CA;90210;123;USA
Ava;Nguyen;2005-07-02;ava.nguyen@fakemail.com;555234;90 Willow Rd.;Greenfield;MA;01234;123;USA